"mention_id","event_id","account_id","start_position","length","task_id","team_id","dtype","workspace_id"
"78440fcb-9dcc-4ce5-9a9b-edcb11f79c5f","4fe41071-5199-41f4-b494-6754a57bc65a","2587fcf9-00b7-4bc5-9b07-7fd4709a022d","0","10","null","null","AccountMention","null"
"d6dd1a1d-c001-417a-a1f6-0acd718362dd","7bafcdcf-7d74-4f54-8b45-2a9da8dbd86f","null","0","5","3f7546fa-6e95-4eb0-b195-1792acf81b0d","null","TaskMention","null"
"781ae88f-1c64-465c-87f6-580fc923a4e8","ed5e13ff-72c3-47c0-b93e-e2022ef88b8b","ad5062f1-e11b-4e33-a1f8-7ea004fd030d","0","14","null","null","AccountMention","null"
"b7dec9ac-4cbf-46c0-a574-ce60615ff75d","aebfa22d-998d-49ab-ad6c-63053cfcc04b","5554fd78-076b-4965-b8dd-73ad778ae04d","0","20","null","null","AccountMention","null"
"e6c2def3-0d7a-4112-bea3-ab0ce1fc9f2e","aa1b5ae9-9f2c-4775-a480-3725e9f9c01f","3949b4a2-f0a3-4ff8-b58e-8b91aebdcc73","0","12","null","null","AccountMention","null"
"08eba865-6fde-4821-9ab2-ad7c812e4272","705e3c87-fdb6-428a-8676-8e295ff02300","2587fcf9-00b7-4bc5-9b07-7fd4709a022d","0","10","null","null","AccountMention","null"
"cac71d15-56b0-49b8-b3ce-bc84fd3a8b46","16c3b16f-186d-4f5c-bbff-719fa68aa7a7","ad5062f1-e11b-4e33-a1f8-7ea004fd030d","0","14","null","null","AccountMention","null"
"2577f431-a15d-404b-b06d-118e4f9bee55","1f207c20-1565-42e8-810f-0226784b2bc3","f174699c-1b01-493f-90b1-52082766fbf7","0","14","null","null","AccountMention","null"
"ac3844c5-b432-4754-bb43-ba7381b2a359","4d212423-aa66-41dd-87c7-acf264818c32","f174699c-1b01-493f-90b1-52082766fbf7","0","14","null","null","AccountMention","null"
"a7c20342-4152-4ffc-979d-ed2d3e77467c","cf90992d-954e-460e-9122-07a39c4b277c","df37b92c-ebf7-4cb0-bfbc-7f195eec0d2d","0","16","null","null","AccountMention","null"
"806f6494-9f20-41cb-9da8-5c6773e126b1","97499248-4924-4514-883a-d47e2c282c9f","f174699c-1b01-493f-90b1-52082766fbf7","0","14","null","null","AccountMention","null"
"a309349e-c42e-4c79-bfea-28a35bcc75b9","0764f6ef-c625-4e38-a59c-15c97a376ec0","ad5062f1-e11b-4e33-a1f8-7ea004fd030d","0","14","null","null","AccountMention","null"
"ca2bf2ef-5f34-40fd-a9e3-add8c655bc12","70c46025-20ab-4c11-bdcd-2c41b99bf34b","f174699c-1b01-493f-90b1-52082766fbf7","0","14","null","null","AccountMention","null"
"9961034c-de65-40d3-970b-be2fd51a2379","651d80cb-b546-4e1b-9fd0-5e62b2afac97","ad5062f1-e11b-4e33-a1f8-7ea004fd030d","0","14","null","null","AccountMention","null"
"ce751500-03c0-45c3-bdf0-496524ed14dd","095d02e4-6300-46bd-950f-4dff26961157","2587fcf9-00b7-4bc5-9b07-7fd4709a022d","0","10","null","null","AccountMention","null"
"823dbffa-d0eb-46fb-a2dd-11b3423d8f28","0aae3354-5af4-40f6-882d-d1349ac8f4eb","3949b4a2-f0a3-4ff8-b58e-8b91aebdcc73","0","12","null","null","AccountMention","null"
"0fe4a6d3-6e45-4ba3-8550-158662b84ca9","f5af127b-a43e-4302-bf26-c6682e8a4824","3949b4a2-f0a3-4ff8-b58e-8b91aebdcc73","0","12","null","null","AccountMention","null"
"1c1088be-cbc2-4b26-bd06-03064822e05b","32e3c85e-91ca-4ab1-9aad-16975605d7e5","5554fd78-076b-4965-b8dd-73ad778ae04d","0","20","null","null","AccountMention","null"
"aa356de4-1d2e-4856-bd31-f4afedfede96","26ac3812-40f2-4bb8-ac67-1ce126e843ba","5554fd78-076b-4965-b8dd-73ad778ae04d","0","20","null","null","AccountMention","null"
"ac7cf7f2-3e74-41b7-9b0a-31d809f80e1b","f865372c-9248-4b1e-bc54-331509013beb","f174699c-1b01-493f-90b1-52082766fbf7","0","14","null","null","AccountMention","null"
"0f27dc89-7fb9-434b-bf53-ae1ea73af8c5","2b356efd-cae8-4614-b36f-b3c2fc24e68e","5554fd78-076b-4965-b8dd-73ad778ae04d","0","20","null","null","AccountMention","null"
"3c59da05-74f1-4b87-b0f4-0e236bcca9bc","f67ea444-f715-4a57-8a44-6dd65e39379c","ad5062f1-e11b-4e33-a1f8-7ea004fd030d","0","14","null","null","AccountMention","null"
"e360f6f2-cabf-414f-b392-12f12d5b2362","376648ff-6ba8-4026-81c3-556427bf97ad","df37b92c-ebf7-4cb0-bfbc-7f195eec0d2d","0","16","null","null","AccountMention","null"
"4520bddf-361c-445b-997d-aa1bd960835c","18ba6878-83cd-494c-83d6-e632d940b013","df37b92c-ebf7-4cb0-bfbc-7f195eec0d2d","0","16","null","null","AccountMention","null"
"79e532f5-88fb-455a-9756-3b6e5ba009f4","abfeb1a8-f953-4210-88c8-1a3c4771f8fe","2587fcf9-00b7-4bc5-9b07-7fd4709a022d","0","10","null","null","AccountMention","null"
"893aa5cf-ecfd-4424-8990-47463b52fa2e","f134a9bd-7447-4b37-9523-cc98c2fd0ca1","f174699c-1b01-493f-90b1-52082766fbf7","0","16","null","null","AccountMention","null"
"1d1e7631-9c06-469a-85ba-cf9d1b7788c2","09c45199-c945-41b0-9e6e-46183e900ea6","2587fcf9-00b7-4bc5-9b07-7fd4709a022d","0","10","null","null","AccountMention","null"
"956269ac-b291-48a9-b0ae-8d48162c77db","917d58e6-03e5-4277-a109-84fc96e9c5bd","ad5062f1-e11b-4e33-a1f8-7ea004fd030d","0","14","null","null","AccountMention","null"
"b90c596c-8806-4040-93d6-c1187f6a26e2","c1de99c3-f976-4e60-9ab4-f30a928c948e","5554fd78-076b-4965-b8dd-73ad778ae04d","0","20","null","null","AccountMention","null"
"cf02b688-522e-44dc-82bd-72c99a8406fc","94bf8389-91f1-436a-a775-8fa833c39ff6","f174699c-1b01-493f-90b1-52082766fbf7","0","14","null","null","AccountMention","null"
"3ed973aa-310b-47b1-85ef-55b2720479a7","1f1f6a23-a08c-4d31-b32d-c99851e48016","3949b4a2-f0a3-4ff8-b58e-8b91aebdcc73","0","12","null","null","AccountMention","null"
"d5fd3bea-f09b-47cc-a7e4-4da411c7c889","3346b8ae-b688-49ac-abd0-6b80cce51f8a","f174699c-1b01-493f-90b1-52082766fbf7","0","14","null","null","AccountMention","null"
"65fb6d71-29d5-46f5-b217-d2c8d9714e48","354d67a6-6abf-4464-a718-338a2e4aac3a","3949b4a2-f0a3-4ff8-b58e-8b91aebdcc73","0","12","null","null","AccountMention","null"
"efc418e3-22a3-4f6a-881d-d606cc00dca2","4dc991aa-e49c-4314-87a0-08772e58a866","2587fcf9-00b7-4bc5-9b07-7fd4709a022d","0","10","null","null","AccountMention","null"
"c32ed885-818b-423a-8cf8-1048b09a341a","f1ec3bff-3e23-4fff-bf83-3610888a8ad7","2587fcf9-00b7-4bc5-9b07-7fd4709a022d","0","10","null","null","AccountMention","null"
"7ab1118a-9de8-4e59-a13d-59710abeda95","2bf34183-0ada-41d0-9e55-fd11dbf5bc21","f174699c-1b01-493f-90b1-52082766fbf7","0","14","null","null","AccountMention","null"
"4df3a397-b213-4762-beee-0d6434375c02","a6296606-7189-4137-b6e5-467acc388d29","ad5062f1-e11b-4e33-a1f8-7ea004fd030d","0","14","null","null","AccountMention","null"
"48f0a81d-63c7-47b1-a817-9e1dfa96fc45","bfe7f8c7-b19e-4d24-8c9f-d23e3b06f3b1","f174699c-1b01-493f-90b1-52082766fbf7","0","14","null","null","AccountMention","null"
"fea2dc36-02a5-4833-9cab-84c5c5f56ff3","1520f1ff-f138-4b84-b263-a77b941663ad","5554fd78-076b-4965-b8dd-73ad778ae04d","0","20","null","null","AccountMention","null"
"b274e4ee-9965-4198-bffa-3667ce362124","25b872e0-19b2-4ec5-91e2-51dd467efa10","5554fd78-076b-4965-b8dd-73ad778ae04d","0","20","null","null","AccountMention","null"
"cb20006a-088a-4869-b1bf-9f7cd9a641fa","def90ee3-f644-44dd-be6e-70a68dc793d8","null","0","17","null","27264d57-eab1-4c1a-9b48-4ba05db08af2","TeamMention","null"
"156c28fd-31bc-4b70-a068-2b8f5bf7ab98","7689b3b1-784c-4f4a-bb39-648b141b70e2","f174699c-1b01-493f-90b1-52082766fbf7","0","14","null","null","AccountMention","null"
"d63c755b-e9bc-4b3c-921e-5d96e357444f","5dae86fd-e96a-4f6e-ab0d-c609e9337427","f174699c-1b01-493f-90b1-52082766fbf7","0","14","null","null","AccountMention","null"
"dbc37018-1c24-4a2a-85d5-34a40460b50d","11fb9ab3-5852-43d6-b8b3-1e6cbac68e8f","ad5062f1-e11b-4e33-a1f8-7ea004fd030d","101","14","null","null","AccountMention","null"
"0721f275-8c8f-4eee-b855-c1350c6fc6cb","2f309ecf-f8eb-409e-a8d3-ae207f65ae2c","f174699c-1b01-493f-90b1-52082766fbf7","0","14","null","null","AccountMention","null"
"63bb0626-1203-447e-b78e-f03ee231bca6","afb60ee8-cb2f-4f80-b63a-a186afa69b82","5554fd78-076b-4965-b8dd-73ad778ae04d","0","20","null","null","AccountMention","null"
"88635e09-f912-4a62-92f7-0ff2603dc1ac","54b5c7dc-8573-47c1-bf02-b645d9f6e4d1","f174699c-1b01-493f-90b1-52082766fbf7","0","14","null","null","AccountMention","null"
"54238001-5e05-4ba8-9128-6bdbecf80983","4365e935-30c4-4bf3-99f6-d532a5acf5cb","f174699c-1b01-493f-90b1-52082766fbf7","0","14","null","null","AccountMention","null"
"c974c93c-ff10-4b28-bd68-102b49f1461b","62845be1-2d97-403b-a060-35c5e411eb50","f174699c-1b01-493f-90b1-52082766fbf7","0","14","null","null","AccountMention","null"
"d6dfd418-9742-4261-9212-4f28a6a64cfd","4b98431c-7350-44e9-bf25-dd5f5008f085","3949b4a2-f0a3-4ff8-b58e-8b91aebdcc73","0","12","null","null","AccountMention","null"
"6251b1a2-a6e7-45d1-9ccf-59861bc5f1c7","4b98431c-7350-44e9-bf25-dd5f5008f085","ad5062f1-e11b-4e33-a1f8-7ea004fd030d","13","14","null","null","AccountMention","null"
"8d0c5a7a-d319-4446-b12b-c1bd344b349e","d682908d-4d80-4adf-b837-33ba7a3c522f","ad5062f1-e11b-4e33-a1f8-7ea004fd030d","0","14","null","null","AccountMention","null"
"b327f5bb-930c-44b6-a088-498fc19b8dfe","da454490-c009-4f15-a376-f47a84d667ec","ad5062f1-e11b-4e33-a1f8-7ea004fd030d","0","14","null","null","AccountMention","null"
"caa7cbe2-52dd-40c1-a357-c62767096547","bcb0eae0-730b-489a-baa5-69b3334ccb73","f174699c-1b01-493f-90b1-52082766fbf7","0","14","null","null","AccountMention","null"
"eec1972d-d895-4a49-a06e-49be111e4d6b","84e9aaa2-9de2-4a41-87e8-9adf5cb55957","f174699c-1b01-493f-90b1-52082766fbf7","0","14","null","null","AccountMention","null"
"06d2754c-22fd-413d-8629-ced326723815","0bf176b5-404f-4fc9-abb3-9cc8dd23eca2","df37b92c-ebf7-4cb0-bfbc-7f195eec0d2d","0","16","null","null","AccountMention","null"
"be6e9e4d-0f92-4f80-ad3e-25827db5e5b3","fd77f876-2e7c-4b71-963d-d2f81c1635ef","df37b92c-ebf7-4cb0-bfbc-7f195eec0d2d","0","16","null","null","AccountMention","null"
"77d31d13-2b0f-4d6b-bb98-29db78031bf0","b2e6368f-6fec-4254-9560-a7aff329af33","f174699c-1b01-493f-90b1-52082766fbf7","0","14","null","null","AccountMention","null"
"8bd04480-f514-420f-af1b-f79313d26c34","49f1977e-c7dd-4cad-bab1-0a25f773ec6e","2587fcf9-00b7-4bc5-9b07-7fd4709a022d","0","10","null","null","AccountMention","null"
"0ffe01ee-8ab3-4956-bf86-1c6a81aae0fe","ca4d3143-c994-495a-a43f-61f27d9c7651","f174699c-1b01-493f-90b1-52082766fbf7","0","14","null","null","AccountMention","null"
"46ac1b0e-3876-439c-973b-03ee9bfc4721","7c513fe4-de23-414b-8c2d-08a6e8a91e29","df37b92c-ebf7-4cb0-bfbc-7f195eec0d2d","0","16","null","null","AccountMention","null"
"252d2d2e-da3f-4edc-acce-f313c3b71c40","c5a3cb0b-7785-43e2-9b58-4c2e63781670","ad5062f1-e11b-4e33-a1f8-7ea004fd030d","0","14","null","null","AccountMention","null"
"ec726f1d-737e-4fa5-8ad8-8b08928a710a","8f43b9d6-ca8a-4f83-81fc-2b7281e17a99","df37b92c-ebf7-4cb0-bfbc-7f195eec0d2d","0","16","null","null","AccountMention","null"
"c577efce-658d-465f-967c-6fed3edcba6e","8f43b9d6-ca8a-4f83-81fc-2b7281e17a99","2587fcf9-00b7-4bc5-9b07-7fd4709a022d","17","10","null","null","AccountMention","null"
"8fb48ce3-5767-4409-97bb-a082cd3f6b1a","d9412cc3-60a6-4050-b460-74df708a0458","df37b92c-ebf7-4cb0-bfbc-7f195eec0d2d","0","16","null","null","AccountMention","null"
"3d8b7e70-3d19-4087-a613-9db1042be2b5","1834a429-31cd-4f4b-9457-dc3b9367a8f8","5554fd78-076b-4965-b8dd-73ad778ae04d","0","20","null","null","AccountMention","null"
"7294b01a-3c8b-4fdf-8900-b796a9385200","c7329f45-1b6e-41d3-9e71-f11c45634672","5554fd78-076b-4965-b8dd-73ad778ae04d","0","20","null","null","AccountMention","null"
"db4a2469-a173-468b-a361-b1aeee3c6f5a","46ac1e79-fc7c-4586-8223-eb17d535de0f","5554fd78-076b-4965-b8dd-73ad778ae04d","0","20","null","null","AccountMention","null"
"090310c7-bcf4-418b-b295-ae326a155ef8","2274faa7-2fcb-4d97-bab8-e0d2f6006d88","f174699c-1b01-493f-90b1-52082766fbf7","0","14","null","null","AccountMention","null"
"93446eaf-f7e6-484d-8259-d20497cabccc","0124c6ea-5ca9-4599-9b09-cc20be7681da","ad5062f1-e11b-4e33-a1f8-7ea004fd030d","0","14","null","null","AccountMention","null"
"754a524c-c23e-4696-a018-f148f352f0f6","f6513708-3ed7-46ba-a68e-d3f39a45894a","2587fcf9-00b7-4bc5-9b07-7fd4709a022d","0","10","null","null","AccountMention","null"
"514b57ce-6d38-4c45-9126-79769b381020","27ea628c-9c0d-4fbe-a0ba-4c09df3772b4","ad5062f1-e11b-4e33-a1f8-7ea004fd030d","0","14","null","null","AccountMention","null"
"5c21bd88-24d9-4f4a-adef-41cfe6afa6f9","cec53126-3bcf-469a-be02-5af1a719363d","f174699c-1b01-493f-90b1-52082766fbf7","0","14","null","null","AccountMention","null"
"0ee292a3-8df7-4ab4-8887-d5c6516fb046","2643d2e4-1389-4843-8bc9-f4302b0fb1c9","f174699c-1b01-493f-90b1-52082766fbf7","0","14","null","null","AccountMention","null"
"b3e21917-2d02-4fa3-97ad-e302b16c95d0","42b17d0c-109d-4dcd-8dd8-3a766eb3d81e","ad5062f1-e11b-4e33-a1f8-7ea004fd030d","0","14","null","null","AccountMention","null"
"ae0c8700-de46-4a62-87af-2180eb61bcf6","33137ffe-b622-4040-806d-f48009a18927","df37b92c-ebf7-4cb0-bfbc-7f195eec0d2d","0","16","null","null","AccountMention","null"
"020d3073-b66c-4a4b-a3e8-b93d571116e8","85dbc249-a93a-4305-b76c-7bbb33405000","ad5062f1-e11b-4e33-a1f8-7ea004fd030d","0","14","null","null","AccountMention","null"
"a566b0d9-e223-414d-a3da-bcc2bb341a2a","5cbabdee-18a3-448b-af51-01779f1b1829","3949b4a2-f0a3-4ff8-b58e-8b91aebdcc73","0","12","null","null","AccountMention","null"
"86245a5a-09e1-49a9-88bc-1e83246e1f5f","95eeae6f-cced-4780-b3c0-c1f8441b76cc","ad5062f1-e11b-4e33-a1f8-7ea004fd030d","0","14","null","null","AccountMention","null"
"ef82da31-19bb-4f95-bd82-4b41be0f486e","3cfb23b4-c4b0-4a71-b2c4-3da8d75e3ea6","df37b92c-ebf7-4cb0-bfbc-7f195eec0d2d","0","16","null","null","AccountMention","null"
"bfc92c54-3ade-481f-b1bc-1dcf4fa87559","85cc0a2d-c514-4a5b-936a-8b3ea7327ef4","ad5062f1-e11b-4e33-a1f8-7ea004fd030d","0","14","null","null","AccountMention","null"
"8b7e5b9f-a19d-4ed8-9aa0-efadb86a7fc8","1708298f-90e7-424b-ba19-3f5336b4b582","ad5062f1-e11b-4e33-a1f8-7ea004fd030d","0","14","null","null","AccountMention","null"
"f79e851b-952a-4e97-b075-8413d957623d","32a36b2b-327f-4d1d-b8dc-2118887ba52a","5554fd78-076b-4965-b8dd-73ad778ae04d","0","20","null","null","AccountMention","null"
"89d77e9e-b8f3-4ee1-8ef8-ef274d205b10","799217a2-67de-4735-b7bb-7f9ecdfd9e94","f174699c-1b01-493f-90b1-52082766fbf7","0","14","null","null","AccountMention","null"
"c8fd75ca-c0e8-4a31-8c42-32a363415e0b","c8a5a00d-616b-4bb2-926c-87cda6cb6c02","5554fd78-076b-4965-b8dd-73ad778ae04d","0","20","null","null","AccountMention","null"
"0162ae1a-c43c-44d2-b1c9-8844715f93d2","c7778182-35a4-4555-bc51-4afab287fa8b","5554fd78-076b-4965-b8dd-73ad778ae04d","0","20","null","null","AccountMention","null"
"7ed905ea-5843-49d5-a717-328ee46e40ab","3cb36033-fee8-4b2c-95b5-dce076d93cf7","5554fd78-076b-4965-b8dd-73ad778ae04d","0","20","null","null","AccountMention","null"
"965188ff-971d-449b-8373-bb4c32986002","9957c4b2-223d-4a55-82f2-50f7d7e684cf","f174699c-1b01-493f-90b1-52082766fbf7","0","14","null","null","AccountMention","null"
"4120e846-bdc5-4fae-96fd-e8b9d5d044d9","90353320-4663-4a13-b420-ef338f6a4841","ad5062f1-e11b-4e33-a1f8-7ea004fd030d","0","14","null","null","AccountMention","null"
"500c8316-d0f4-4a97-a61b-495eedbbc6a9","1e2f9e88-1ec7-46d5-bf81-afa6211b6db5","f174699c-1b01-493f-90b1-52082766fbf7","0","14","null","null","AccountMention","null"
"760aa8af-d1b6-48bd-b0c3-8dbd581a4a7c","414ab666-eed9-4081-aeb7-cf0025a9cb78","ad5062f1-e11b-4e33-a1f8-7ea004fd030d","0","14","null","null","AccountMention","null"
"038e30e5-7904-46f6-bf70-239202ec4857","414ab666-eed9-4081-aeb7-cf0025a9cb78","df37b92c-ebf7-4cb0-bfbc-7f195eec0d2d","15","16","null","null","AccountMention","null"
"1806a7f1-c139-44de-9cb1-b3adcce352bc","69e62a03-84c1-49c1-819c-40249257e020","2587fcf9-00b7-4bc5-9b07-7fd4709a022d","0","10","null","null","AccountMention","null"
"d321fbef-70fb-4f86-a7b6-5439a8afa0bc","91690b59-e735-42c7-993c-0610858df2c8","ad5062f1-e11b-4e33-a1f8-7ea004fd030d","0","14","null","null","AccountMention","null"
"7aef3728-40db-4a66-8a18-4493e8f03e4f","ab381f1c-13a7-4bc5-adac-512b80768b92","2587fcf9-00b7-4bc5-9b07-7fd4709a022d","0","10","null","null","AccountMention","null"
"566d9bac-22a0-4a21-8805-89a18848383e","c551b194-7ddc-47cf-8bd9-63485baa24f2","ad5062f1-e11b-4e33-a1f8-7ea004fd030d","16","16","null","null","AccountMention","null"
"2dc51c19-b068-42c4-b1c3-220d99f259ca","3986b190-2d22-46fe-97ae-6a5be41e239a","ad5062f1-e11b-4e33-a1f8-7ea004fd030d","0","14","null","null","AccountMention","null"
"8718db3f-5bea-4426-8731-fb1604f8aeec","8535e05a-4ad1-4ba4-b3e2-c50439d89022","ad5062f1-e11b-4e33-a1f8-7ea004fd030d","0","14","null","null","AccountMention","null"
"c6114b79-d4a1-450a-b385-ae259b7b9ac8","da7c1e21-fd9f-4ad5-8e92-1e89c8375bf9","ad5062f1-e11b-4e33-a1f8-7ea004fd030d","0","14","null","null","AccountMention","null"
"f201f3fe-869f-4125-8f9a-52547d97d409","b9589c53-4ab2-4716-9cd4-a1b52f966cc3","2587fcf9-00b7-4bc5-9b07-7fd4709a022d","0","10","null","null","AccountMention","null"
"b610927b-50a1-45b7-a138-583026e0dd3a","d88458ca-b7b6-4653-add9-6f37c686c1ff","2587fcf9-00b7-4bc5-9b07-7fd4709a022d","0","10","null","null","AccountMention","null"
"33973399-da56-4102-a55d-6b38bd337eef","13e05d3b-6353-4273-91d0-fc6450198d44","f174699c-1b01-493f-90b1-52082766fbf7","0","14","null","null","AccountMention","null"
"82e2fb35-6b1c-41a0-837e-ae51d3c0414b","16763601-0ecd-40ad-82bc-5b56edd9b778","f174699c-1b01-493f-90b1-52082766fbf7","0","14","null","null","AccountMention","null"
"28ac7cb5-ba40-4c51-8a73-e54c38a43ee5","3ffca691-bec0-43df-9abb-b2745fdf5012","f174699c-1b01-493f-90b1-52082766fbf7","0","14","null","null","AccountMention","null"
"6743ed13-b4a5-478c-a9b9-c055a3ab30e0","d52e2cfa-2bf5-4575-ab6b-f153789ca17f","2587fcf9-00b7-4bc5-9b07-7fd4709a022d","0","10","null","null","AccountMention","null"
"895ec65f-2d34-4452-a5c5-523a9836aac1","ba86ab6c-6e3c-4928-a2c3-32c013df75af","ad5062f1-e11b-4e33-a1f8-7ea004fd030d","0","14","null","null","AccountMention","null"
"8f3c8334-729c-4a9f-bc40-5b8c63b31a37","2f08dd9e-e5f6-4ebd-9402-0d15e355c36c","ad5062f1-e11b-4e33-a1f8-7ea004fd030d","0","14","null","null","AccountMention","null"
"a85b8f37-4065-4a50-bba0-bbcbe2c85671","af6d3de4-82b1-433c-a85a-61854590d3e4","2587fcf9-00b7-4bc5-9b07-7fd4709a022d","0","10","null","null","AccountMention","null"
"d6ec80a5-d1fa-48d3-a442-472a34d1ff87","c518e658-afc1-46ae-ab51-9091ae7b70bb","5554fd78-076b-4965-b8dd-73ad778ae04d","0","20","null","null","AccountMention","null"
"6cf9b92f-7c5e-4a86-848e-02f9a0392028","a99cfb69-79da-4250-9771-788d1fde9aa2","ad5062f1-e11b-4e33-a1f8-7ea004fd030d","0","14","null","null","AccountMention","null"
"ee6dbaf3-7fcd-4a40-a0c7-c56cbc085402","c1c6ce15-3ea4-4f1f-9ea3-3ebaa4f6f6ed","f174699c-1b01-493f-90b1-52082766fbf7","0","14","null","null","AccountMention","null"
"57a1736d-d211-47a7-be16-ffe9ce977a7e","577c41a4-bef2-4397-8141-a96c982e365a","2587fcf9-00b7-4bc5-9b07-7fd4709a022d","0","10","null","null","AccountMention","null"
"3a7978c7-6108-4b7e-be3b-2dec94804e9e","86455bb6-10dd-4f6d-a08b-b217c974bfa8","ad5062f1-e11b-4e33-a1f8-7ea004fd030d","34","14","null","null","AccountMention","null"
"eb1c9941-d3ba-40c3-a8af-e592019ddce7","e5fd3d71-8b0b-4b7f-bcd5-76a174188623","f174699c-1b01-493f-90b1-52082766fbf7","0","14","null","null","AccountMention","null"
"a638e737-a203-4583-8f95-f9356b2181fe","f006c8a9-185d-4299-afb3-bd94ed897ecc","ad5062f1-e11b-4e33-a1f8-7ea004fd030d","0","14","null","null","AccountMention","null"
"1ab2f6d7-22b7-4e33-9ba4-506e72ca42da","355b697c-9763-4c49-8ba6-221f3d76d343","5554fd78-076b-4965-b8dd-73ad778ae04d","0","20","null","null","AccountMention","null"
"006373ad-13e4-4e9e-94f0-b9f3869bf1bc","76bb5220-b3c8-407a-8ce9-404b70e6d8d1","2587fcf9-00b7-4bc5-9b07-7fd4709a022d","0","10","null","null","AccountMention","null"
"583e6aa8-6378-4e41-845a-18ada3e245e1","14edee24-f4f7-44b0-8429-4ac7532e3e9a","f174699c-1b01-493f-90b1-52082766fbf7","0","14","null","null","AccountMention","null"
"82edced8-849b-4801-b93c-3cfc9e07990b","11e14a35-d7fb-4dc0-8241-9456565315d7","df37b92c-ebf7-4cb0-bfbc-7f195eec0d2d","0","16","null","null","AccountMention","null"
"51bc904a-4b2e-44b4-be66-0b650d537dd6","3228c9b0-41b5-4ffa-b29f-d7f3494999fa","5554fd78-076b-4965-b8dd-73ad778ae04d","0","20","null","null","AccountMention","null"
"2e44ae2b-eb1c-43bb-8232-cdbfa6d79446","5cba7934-ee8b-481e-bba4-12d7b235e823","2587fcf9-00b7-4bc5-9b07-7fd4709a022d","0","10","null","null","AccountMention","null"
"7da90ea4-6eb5-472a-ab58-98abbe47cbb5","20e943f7-9388-4efd-bf35-612a62115f77","2587fcf9-00b7-4bc5-9b07-7fd4709a022d","0","10","null","null","AccountMention","null"
"c5ce1e0e-ebe5-4f32-a1af-62b2222a4047","a6d9759c-ab08-44e4-9d1c-5ad48ac3b514","2587fcf9-00b7-4bc5-9b07-7fd4709a022d","0","10","null","null","AccountMention","null"
"ad863eda-7cb8-4150-919f-98cad59468da","76acc093-b0a5-4eb6-ab47-cbb8cafbb0d0","5554fd78-076b-4965-b8dd-73ad778ae04d","0","20","null","null","AccountMention","null"
"9d3876cc-a3c2-4687-b7ba-c25105d8bbc4","0c7d8a28-4c2f-4d79-9512-eac043004100","5554fd78-076b-4965-b8dd-73ad778ae04d","0","20","null","null","AccountMention","null"
"ba47b217-f974-4b7c-8d96-f9188831a6a9","bc4ffee4-ff06-4add-9574-63397e04322a","5554fd78-076b-4965-b8dd-73ad778ae04d","0","20","null","null","AccountMention","null"
"88a8a597-5131-45e9-ab03-4eed248e6d74","6f0bc382-a4a5-439f-bd00-cb1417f99377","ad5062f1-e11b-4e33-a1f8-7ea004fd030d","0","14","null","null","AccountMention","null"
"11e54dac-7b71-4e2e-bdda-b91a12f1abc5","659d7b4f-4884-4a41-957e-894a4ef0d251","5554fd78-076b-4965-b8dd-73ad778ae04d","0","20","null","null","AccountMention","null"
"74ed217a-b568-4695-ab05-974be759c662","652217b4-56f6-4329-8ecc-77aa0523742b","2587fcf9-00b7-4bc5-9b07-7fd4709a022d","0","10","null","null","AccountMention","null"
"1a13b89a-c9e2-4dce-a455-9bff03c42463","96234e15-dbed-4b56-9a8b-af9ce1159887","2587fcf9-00b7-4bc5-9b07-7fd4709a022d","0","10","null","null","AccountMention","null"
"fe0d7014-19d3-4b4f-94f8-07e834a6d7c7","c728dbe3-1582-4aae-a1d5-a43faf353405","f174699c-1b01-493f-90b1-52082766fbf7","0","14","null","null","AccountMention","null"
"a6d666ec-1332-429c-bdb4-8f20503b8cd8","71066af8-fbba-4f41-8c11-d3cf987cd2f8","ad5062f1-e11b-4e33-a1f8-7ea004fd030d","0","14","null","null","AccountMention","null"
"acbdf388-bd45-4bd4-849d-6b62a4967229","20af7799-2718-445c-95fa-1f21a8e8a13c","f174699c-1b01-493f-90b1-52082766fbf7","0","14","null","null","AccountMention","null"
"342bcce8-72fc-4ce9-8c1c-467cc3efbc79","020a0f51-7f71-488c-9606-85beabeda174","ad5062f1-e11b-4e33-a1f8-7ea004fd030d","0","16","null","null","AccountMention","null"
"39b865eb-04f4-4674-9ba5-b5140549ac47","8a6db222-5532-4bba-bec9-6af68cebd0ad","f174699c-1b01-493f-90b1-52082766fbf7","0","14","null","null","AccountMention","null"
"3e182197-a221-4333-9207-27b6d4cc0d93","0a210384-4477-4223-8e5c-54c2e6e0d61c","ad5062f1-e11b-4e33-a1f8-7ea004fd030d","0","14","null","null","AccountMention","null"
"4875fac2-48bf-4443-b2ad-9f8da5f714a6","c2b54276-bafe-4baf-ba4f-de5d77dadafc","f174699c-1b01-493f-90b1-52082766fbf7","0","14","null","null","AccountMention","null"
"4de647fc-1a7c-484e-a7f5-954404474d65","51f090e5-15a1-4d9e-980a-3fddc541df92","f174699c-1b01-493f-90b1-52082766fbf7","0","14","null","null","AccountMention","null"
"260295e6-386f-42fa-8dbc-49ecc3741362","38755ede-c3cc-4c9c-915e-e6610c3b44a0","5554fd78-076b-4965-b8dd-73ad778ae04d","0","20","null","null","AccountMention","null"
"ee4f5078-a9bc-406c-9854-8ad82c813f0d","4aab2543-1f3a-4237-85d1-e3c230fb2130","5554fd78-076b-4965-b8dd-73ad778ae04d","0","20","null","null","AccountMention","null"
"1e660e35-1223-441c-a866-c4f9e5fae029","3a624ec0-8175-4942-a35a-511034346307","5554fd78-076b-4965-b8dd-73ad778ae04d","0","20","null","null","AccountMention","null"
"835ee751-8f06-4151-881d-61c02918d8c9","a6a9d3bd-1611-47d2-aa49-59d3a700d8d4","f174699c-1b01-493f-90b1-52082766fbf7","0","14","null","null","AccountMention","null"
"8f3aeddc-f831-4fb6-a8ce-e328152915fd","66a44d69-5c3b-4152-bb71-d1ac7f79d629","f174699c-1b01-493f-90b1-52082766fbf7","0","14","null","null","AccountMention","null"
"319c28ea-2cec-4ff1-b127-fbb3222e06fd","2e3b51da-5a80-48a3-a26a-89fa53518691","ad5062f1-e11b-4e33-a1f8-7ea004fd030d","0","16","null","null","AccountMention","null"
"f4270d39-d69a-4f03-b8ac-0ba106f8465a","c5265002-3c9c-45ee-aec6-adf63b05879e","2587fcf9-00b7-4bc5-9b07-7fd4709a022d","0","10","null","null","AccountMention","null"
"c6086530-a604-4073-95ef-91e20ee9d133","961de5ec-5fa4-44ad-9283-61a26a8768c1","5554fd78-076b-4965-b8dd-73ad778ae04d","0","20","null","null","AccountMention","null"
"cb9cc8bb-9e5c-4ee7-b4d3-cd143c20cac6","e740479f-600a-4f2c-a737-524d86e4ff1b","f174699c-1b01-493f-90b1-52082766fbf7","0","14","null","null","AccountMention","null"
"f14d3dc1-ddac-47e0-af06-d2fcd92a8375","e1fb0718-e28b-4e64-936b-e18a635cc129","5554fd78-076b-4965-b8dd-73ad778ae04d","0","20","null","null","AccountMention","null"
"2e4d9378-fd37-4ae9-acce-943ca6fbd92b","64b0dea0-589b-4598-a1c3-2a89c3630b93","5554fd78-076b-4965-b8dd-73ad778ae04d","0","20","null","null","AccountMention","null"
"33c33a02-53b7-42d3-a6ba-c29851010753","cbc9b177-5f20-4b6d-8ef7-7e46eb4bcba3","5554fd78-076b-4965-b8dd-73ad778ae04d","0","20","null","null","AccountMention","null"
"c3480356-95ff-4e74-8992-e0c0f3247ff8","a8139990-bc78-436d-8366-91bcab59add8","5554fd78-076b-4965-b8dd-73ad778ae04d","0","20","null","null","AccountMention","null"
"77789d7e-7c9e-48c2-accb-cdb43f3a9a35","27bbaaae-6e17-4136-bfb0-dd5522864aa5","2587fcf9-00b7-4bc5-9b07-7fd4709a022d","0","10","null","null","AccountMention","null"
"54cac21b-1c8b-40d8-b705-d614db061254","94e09e79-cf37-4abc-ac26-1056b605919f","5554fd78-076b-4965-b8dd-73ad778ae04d","0","20","null","null","AccountMention","null"
"ecdd2e3d-ed7a-4748-b692-0a4568337fc4","15eba4c7-5d17-46bc-98bb-632aa5207b6f","2587fcf9-00b7-4bc5-9b07-7fd4709a022d","0","10","null","null","AccountMention","null"
"93f2a17a-bd80-4e80-b7b2-ce063d9a4044","540b81db-2512-4f87-8457-0f205807e6bc","5554fd78-076b-4965-b8dd-73ad778ae04d","0","22","null","null","AccountMention","null"
"7707a3e1-f6bb-4f1a-a99a-3a15d6c9bcd3","280d785e-3c54-46ce-8af5-b519614918bc","f174699c-1b01-493f-90b1-52082766fbf7","0","14","null","null","AccountMention","null"
"9f5ef3a4-7aad-4741-a462-d2e9326bdfb4","96e1c857-87b9-4a10-9630-d246678ea2e2","5554fd78-076b-4965-b8dd-73ad778ae04d","0","20","null","null","AccountMention","null"
"aedf11bb-483a-4e68-8556-06398452d5b0","c1009ab5-48ab-4f10-858b-f36ccc74ae4e","2587fcf9-00b7-4bc5-9b07-7fd4709a022d","0","10","null","null","AccountMention","null"
"7a0262d7-ddd4-4d5b-9279-5b2d414d2c1f","7a75761c-e21f-45c2-aa16-05b5f6018169","2587fcf9-00b7-4bc5-9b07-7fd4709a022d","56","10","null","null","AccountMention","null"
"af0fb3ab-db5a-4296-a4a2-4446fde4e879","b4a1e07d-13bf-48c3-a5b6-452980a6daec","3949b4a2-f0a3-4ff8-b58e-8b91aebdcc73","0","12","null","null","AccountMention","null"
"7cd0e660-b2f5-4742-b656-5aa970444148","f12ec24d-2ea7-4028-8b4d-6a050a10e7f1","5554fd78-076b-4965-b8dd-73ad778ae04d","0","20","null","null","AccountMention","null"
"c5204801-2e43-4595-8cc6-e74eda6988d9","70e20250-f8bc-4f15-99d6-c6d74d4be268","5554fd78-076b-4965-b8dd-73ad778ae04d","0","20","null","null","AccountMention","null"
"e7e4cd7b-4d0b-43e8-9a51-7acef1cb8a85","dab667b6-1730-453e-899d-a137e77be97e","ad5062f1-e11b-4e33-a1f8-7ea004fd030d","0","14","null","null","AccountMention","null"
"43f370b9-2031-4845-b85c-0e55efcea53e","d024953d-a87f-4ce7-96a3-de1a1b3cf88c","ad5062f1-e11b-4e33-a1f8-7ea004fd030d","0","14","null","null","AccountMention","null"
"17593b79-eaa6-41ed-9a25-b96734ba7b27","b02ac27c-99e3-4449-9b59-61a8cc82214f","f174699c-1b01-493f-90b1-52082766fbf7","0","14","null","null","AccountMention","null"
"65bf3df0-ba35-4501-90e5-914fc704e26f","5769d4b7-e124-4429-bc0b-7d637b55fe5f","f174699c-1b01-493f-90b1-52082766fbf7","0","14","null","null","AccountMention","null"
"29c651a7-3210-4610-95fc-c1b2354bc8e9","58ac7fc4-0824-4dac-ae53-a232800825b5","f174699c-1b01-493f-90b1-52082766fbf7","0","14","null","null","AccountMention","null"
"f0c9c6c0-f66f-415d-babd-8f62e9e28d7b","8b784cdc-f913-4d43-ace3-70521d2a248a","null","0","17","null","34fbb5ed-358d-4583-bc14-1c2daaa82436","TeamMention","null"
"94225c11-648c-4945-95ea-55772aa17efa","7b73bb71-dc1e-4ee2-9a0d-d2ad63b8768e","ad5062f1-e11b-4e33-a1f8-7ea004fd030d","0","14","null","null","AccountMention","null"
"1d8b148f-f876-49bd-8e92-4310b96fb74c","fe05ec81-b045-4183-abf6-e4f10d01db93","ad5062f1-e11b-4e33-a1f8-7ea004fd030d","0","14","null","null","AccountMention","null"
"7e92fbe5-634b-4a0e-9181-afc1f4cf9f2e","67f95f82-c310-470b-acc7-fcaf538f6dc9","f174699c-1b01-493f-90b1-52082766fbf7","0","14","null","null","AccountMention","null"
"ed9ff551-405a-48e4-94e6-a210c1319b89","c37213c4-83cc-4533-ad5b-37195b58d8e7","f174699c-1b01-493f-90b1-52082766fbf7","0","14","null","null","AccountMention","null"
"1f6fc8b0-38a8-4ceb-adb5-50883ae42441","58b00779-979a-4015-bac9-03b8236b71ba","ad5062f1-e11b-4e33-a1f8-7ea004fd030d","72","14","null","null","AccountMention","null"
"819faa81-3ab9-4ba4-baa0-eed79712aca6","d55c19a3-dc80-41b6-8819-3fa756e72fd2","f174699c-1b01-493f-90b1-52082766fbf7","0","14","null","null","AccountMention","null"
"577b0888-a715-4892-b961-c6d27c0b8641","5b873abe-1434-468b-8a88-567c5f4d0a60","2587fcf9-00b7-4bc5-9b07-7fd4709a022d","0","10","null","null","AccountMention","null"
"68ac4efc-2c32-4053-b106-7ab489b87e7e","2f8b53a3-a572-474e-abb8-56790a7e0311","df37b92c-ebf7-4cb0-bfbc-7f195eec0d2d","0","16","null","null","AccountMention","null"
"7a3116e1-e6c2-495a-92ae-58c30b27f711","70d6a8b3-1fe8-4c0a-8c84-f248bd4a1b36","2587fcf9-00b7-4bc5-9b07-7fd4709a022d","0","10","null","null","AccountMention","null"
"d14fc621-b364-46a0-8e4b-09c7bd353cdc","862aace3-58be-4d8f-bcfc-5ec19893ee26","2587fcf9-00b7-4bc5-9b07-7fd4709a022d","0","10","null","null","AccountMention","null"
"26fe0f69-7beb-479a-8801-c1a62f00737d","a4898aa6-b1f9-4d4d-9208-81bb1388fb10","2587fcf9-00b7-4bc5-9b07-7fd4709a022d","0","10","null","null","AccountMention","null"
"8250c787-f27b-45ce-b7bb-828028ec6782","962ef3b0-8416-4bba-903c-7969f08578d7","5554fd78-076b-4965-b8dd-73ad778ae04d","0","20","null","null","AccountMention","null"
"aeaa304d-2bfd-4c79-b321-363e2247bbd8","e4079512-49b1-4c62-8100-d2ae8bd44f34","5554fd78-076b-4965-b8dd-73ad778ae04d","0","20","null","null","AccountMention","null"
"c8ed10ff-a576-4cea-9026-cad51333805d","c2b89efe-7ba8-408e-839e-b0aec17334be","5554fd78-076b-4965-b8dd-73ad778ae04d","0","20","null","null","AccountMention","null"
"5754b1ca-aa70-4ec3-aca8-99042c37ccee","a77580c3-2aa6-4a11-ac36-cba909c75333","f174699c-1b01-493f-90b1-52082766fbf7","0","14","null","null","AccountMention","null"
"726affa6-7021-4143-bec9-e243a3c06da1","b4ba5e3a-0bbc-4f60-882d-c0e87a13dfcf","ad5062f1-e11b-4e33-a1f8-7ea004fd030d","0","14","null","null","AccountMention","null"
"de05b500-c0fa-4226-a91a-8092baa11f99","f75357ec-ac6f-41b9-b41d-724380e00bf4","ad5062f1-e11b-4e33-a1f8-7ea004fd030d","0","14","null","null","AccountMention","null"
"674d5636-686f-4758-b3ab-5ed859c23d84","45d46810-b6bf-44e5-a62e-b034393aa9af","f174699c-1b01-493f-90b1-52082766fbf7","0","14","null","null","AccountMention","null"
"a7b05abf-49f7-4bd8-8914-b5051c6946c4","5fd77125-6098-4ca0-8d10-2fb998ed50d8","f174699c-1b01-493f-90b1-52082766fbf7","0","14","null","null","AccountMention","null"
"334a6a03-9eec-4609-96e5-923ce39a0b6d","65b35b0c-2657-4c75-941f-a744e5da09ea","5554fd78-076b-4965-b8dd-73ad778ae04d","44","20","null","null","AccountMention","null"
"1f8d55ab-07cc-4d29-a39f-a839cc2e5573","6125d81e-fb14-4ed2-b858-8909927dce88","f174699c-1b01-493f-90b1-52082766fbf7","0","14","null","null","AccountMention","null"
"4b6fd95d-7985-4ef2-b232-3beabcd62cfa","6125d81e-fb14-4ed2-b858-8909927dce88","5554fd78-076b-4965-b8dd-73ad778ae04d","45","20","null","null","AccountMention","null"
"f4038453-3984-4e15-a975-3ea70fd38636","4be87e1d-baf8-4fc1-9357-2f8274f2805a","2587fcf9-00b7-4bc5-9b07-7fd4709a022d","0","10","null","null","AccountMention","null"
"9db8f605-8342-4329-bfd2-b069d79b3092","496b6eb0-67a8-4df9-ab7e-21340e68ce19","f174699c-1b01-493f-90b1-52082766fbf7","0","14","null","null","AccountMention","null"
"83f1d098-406e-480f-ae15-7bd5eaf2bfa2","4409b74d-e517-47da-ad96-39910a245ffa","df37b92c-ebf7-4cb0-bfbc-7f195eec0d2d","0","16","null","null","AccountMention","null"
"665d3903-1586-4946-9fae-bb81c768d47e","34e3c57d-5f9c-47a5-829d-a5d64208e4b5","5554fd78-076b-4965-b8dd-73ad778ae04d","0","20","null","null","AccountMention","null"
"551b59ae-b54f-4e62-90e6-d7d0e505e17b","07580022-22a7-49f2-a3fe-4f279269a976","f174699c-1b01-493f-90b1-52082766fbf7","0","14","null","null","AccountMention","null"
"44887186-7511-43d2-b576-54ceba947a48","92146f03-6a6a-4b84-ba16-38969c3619a6","f174699c-1b01-493f-90b1-52082766fbf7","0","14","null","null","AccountMention","null"
"38097eba-0a45-4497-91f6-189d528b0d4d","e951c446-ddfd-496a-ab8c-b1088c7fb8cc","ad5062f1-e11b-4e33-a1f8-7ea004fd030d","0","14","null","null","AccountMention","null"
"d2f9c0c9-34e3-4ea2-9d84-e37505dc5827","f4e2c7cb-ed97-4704-9732-e7f77d6810ef","f174699c-1b01-493f-90b1-52082766fbf7","0","14","null","null","AccountMention","null"
"64a61680-5542-49e0-bb56-4619c7d10344","a81cc4d4-d441-4153-a45f-6c18bb618e16","df37b92c-ebf7-4cb0-bfbc-7f195eec0d2d","0","16","null","null","AccountMention","null"
"5ea38ec3-4b48-4393-bdd8-e31764cbc635","69b1bf83-c2d2-4987-8487-2ad4d6f895f4","f174699c-1b01-493f-90b1-52082766fbf7","0","14","null","null","AccountMention","null"
"a044f5c8-e9af-4b34-815e-8b9f49e5123e","dfcb3567-80b9-496e-a7e6-33ce78ce05cb","f174699c-1b01-493f-90b1-52082766fbf7","0","14","null","null","AccountMention","null"
"13704905-7372-4f01-aa98-bf57ca15468e","535cde5d-4ef6-44a7-9ef1-79f92419d594","f174699c-1b01-493f-90b1-52082766fbf7","0","14","null","null","AccountMention","null"
"605f41db-d97a-4e66-945f-155d91e6ecef","f50625eb-9dbc-4707-a5b1-184111035fae","2587fcf9-00b7-4bc5-9b07-7fd4709a022d","0","10","null","null","AccountMention","null"
"daff0d78-e88c-4204-89bc-d4fe5dded898","abd9c8a1-e9c6-4124-942a-98afbc6870bf","f174699c-1b01-493f-90b1-52082766fbf7","0","14","null","null","AccountMention","null"
"937300bd-c274-4e0f-b9cf-855e106a8b0b","8ab7a215-b478-4b04-ba16-108d98794ca0","f174699c-1b01-493f-90b1-52082766fbf7","0","14","null","null","AccountMention","null"
"3516b4ac-2bd1-4bc7-9a51-924edb0ed855","1a8d7289-2781-4305-9789-01e794b8dc41","ad5062f1-e11b-4e33-a1f8-7ea004fd030d","0","14","null","null","AccountMention","null"
"b4fda15b-9dfd-4606-9fcd-0fec4feb8a47","30c2aff5-0ca2-4e82-8cb4-2a3ceb4833bd","2587fcf9-00b7-4bc5-9b07-7fd4709a022d","0","10","null","null","AccountMention","null"
"c1c9b5a2-340e-4c1d-93d6-c355c78ad29b","9e6747cb-1517-4019-9e85-247f45581749","2587fcf9-00b7-4bc5-9b07-7fd4709a022d","0","10","null","null","AccountMention","null"
"26c78728-9a3d-420b-ad71-8e4d9573b72a","13a37712-ef0e-45fd-ba9f-69516e40e277","2587fcf9-00b7-4bc5-9b07-7fd4709a022d","0","10","null","null","AccountMention","null"
"687fabc8-70f3-4143-9e25-b7f89eed8ea0","1227fdec-39c7-4def-a24a-fb55501dc5de","5554fd78-076b-4965-b8dd-73ad778ae04d","0","20","null","null","AccountMention","null"
"90dad181-64fe-4fb4-92af-db6895f255a6","1d4f2dc7-a3bc-4c8b-8612-e08ececb00e2","5554fd78-076b-4965-b8dd-73ad778ae04d","0","20","null","null","AccountMention","null"
"c70e7032-bf3b-4ac7-ac80-93866fd41f9d","e4849358-46aa-4e0d-b3c5-4a8d4cfead3d","2587fcf9-00b7-4bc5-9b07-7fd4709a022d","0","10","null","null","AccountMention","null"
"a34792a6-e6b9-44e9-a448-f032a5f9f2d9","9e42f98b-629f-42f6-812f-fdccea8642cb","2587fcf9-00b7-4bc5-9b07-7fd4709a022d","0","10","null","null","AccountMention","null"
"a591904c-7362-4871-9ee1-11c93ffec908","f5b675b1-253a-4e8e-99e4-4b4759e01ab0","2587fcf9-00b7-4bc5-9b07-7fd4709a022d","0","10","null","null","AccountMention","null"
"92c9c300-79be-4267-893d-a71de5a74298","20801f7f-3412-43aa-8c04-16473c92c62f","2587fcf9-00b7-4bc5-9b07-7fd4709a022d","0","10","null","null","AccountMention","null"
"445a9a57-b663-45e2-a2fd-b6546c6b5346","0040942d-bc9f-4a96-b65f-c761e421a7b9","2587fcf9-00b7-4bc5-9b07-7fd4709a022d","0","10","null","null","AccountMention","null"
"7a3c7994-1187-49c7-a0f7-7a67d1b68779","d8f8a367-7a6b-40b3-a257-177ed00c9caa","5554fd78-076b-4965-b8dd-73ad778ae04d","0","20","null","null","AccountMention","null"
"9f060e6e-63be-4654-ad99-aa955ec11222","e7bee61c-807a-43d6-9728-f4319f427a12","2587fcf9-00b7-4bc5-9b07-7fd4709a022d","0","10","null","null","AccountMention","null"
"1f9ae193-004a-4d9c-9f72-cda969128090","926f83f4-4105-4c2a-bab4-d597114267bf","ad5062f1-e11b-4e33-a1f8-7ea004fd030d","0","14","null","null","AccountMention","null"
"e77a94dd-ee30-46af-a233-9578362c2922","ae10332c-f18f-41f6-a551-4f825ef9adbe","2587fcf9-00b7-4bc5-9b07-7fd4709a022d","0","10","null","null","AccountMention","null"
"8faed651-8e1c-478b-83f7-e1b9a1a8e037","d304c1aa-358b-4741-831b-921a7afea300","ad5062f1-e11b-4e33-a1f8-7ea004fd030d","21","14","null","null","AccountMention","null"
"b2c6b5b8-d540-43ea-a656-80ddc0bba14f","017072d7-0f44-447a-b591-7934b232dec3","5554fd78-076b-4965-b8dd-73ad778ae04d","16","20","null","null","AccountMention","null"
"83b9bab8-33c4-46c6-bc30-223bc361576f","554f606f-35d8-4fec-89be-63a7c7a35dde","2587fcf9-00b7-4bc5-9b07-7fd4709a022d","0","10","null","null","AccountMention","null"
"25a619df-227b-4aa0-904f-db4a8dd44a51","ea0b9b2d-54aa-4b0f-ba58-8c3d9715f59b","2587fcf9-00b7-4bc5-9b07-7fd4709a022d","0","10","null","null","AccountMention","null"
"eea1d1eb-7c38-4af5-9739-584435f4f140","d9672102-f5dd-4271-a083-8efb6c4ad67d","2587fcf9-00b7-4bc5-9b07-7fd4709a022d","0","10","null","null","AccountMention","null"
"7e9ddf56-3886-4e07-b52e-d7701598c62e","f1e18582-6268-41ae-9b9c-1350670c278d","2587fcf9-00b7-4bc5-9b07-7fd4709a022d","0","10","null","null","AccountMention","null"
"6cb2c57f-54fe-4c01-ba24-d27b33bbba0e","4debc2c1-c46e-4357-a332-6c6c83feae5e","ad5062f1-e11b-4e33-a1f8-7ea004fd030d","0","14","null","null","AccountMention","null"
"c8780a9f-a533-47c5-9ab0-c9f9dfcdfa80","8f1d94fc-334f-499e-b678-8f698e3c6748","2587fcf9-00b7-4bc5-9b07-7fd4709a022d","0","10","null","null","AccountMention","null"
"5b8045f6-1593-4bd4-8c36-2d3d03b4432b","00f195a8-59bd-47f3-b7cb-ac312de5eee0","2587fcf9-00b7-4bc5-9b07-7fd4709a022d","0","10","null","null","AccountMention","null"
"c50b47d4-0c76-4535-9f15-6278a2da7665","dcf50ca3-6861-434c-9aea-00ec92420ebd","f174699c-1b01-493f-90b1-52082766fbf7","0","14","null","null","AccountMention","null"
"e05d1ef0-f7aa-4689-a768-88dda28f1ad0","b9792f8a-855f-4d00-99b2-22733877e943","ad5062f1-e11b-4e33-a1f8-7ea004fd030d","85","14","null","null","AccountMention","null"
"d1318ec0-d3b2-4f6c-bd02-0a00e49cc717","bf63c995-9032-4766-a168-fb8d8e7c61e6","2587fcf9-00b7-4bc5-9b07-7fd4709a022d","0","10","null","null","AccountMention","null"
"79fadc01-b77e-463b-a621-984d918ce338","14a2acb3-69cc-4d2a-8ce9-43427f602a43","5554fd78-076b-4965-b8dd-73ad778ae04d","0","20","null","null","AccountMention","null"
"9be2367f-230e-4007-8a20-0a00a951738b","b8e3b2c5-5be1-4f6b-91a9-38dd2396fa28","5554fd78-076b-4965-b8dd-73ad778ae04d","0","20","null","null","AccountMention","null"
"3f8503cc-7b52-4304-b5be-b7ec494d8fb2","42fe2881-5cf9-4c22-8724-cdd1376a4f06","f174699c-1b01-493f-90b1-52082766fbf7","0","14","null","null","AccountMention","null"
"9e89dbc6-c2f8-49a3-80fa-1c9ba3ad1fa0","3113be7e-eed7-458c-8874-8d8d7abf6a8b","5554fd78-076b-4965-b8dd-73ad778ae04d","0","20","null","null","AccountMention","null"
"e07b868c-0502-45f2-a371-3827c70c64b1","95adc620-19c4-436a-a3c2-8e4ae74b38df","5554fd78-076b-4965-b8dd-73ad778ae04d","0","20","null","null","AccountMention","null"
"108adf5f-9db0-44ef-ac28-a4c660eb6156","e402a9bb-734e-4295-889f-72f6f2b7837d","f174699c-1b01-493f-90b1-52082766fbf7","0","14","null","null","AccountMention","null"
"e39bd050-2c12-4726-b71f-1995afdd3a90","f4595e46-78ce-4fe8-a2f7-7f75eb430d89","ad5062f1-e11b-4e33-a1f8-7ea004fd030d","0","14","null","null","AccountMention","null"
"4f25da21-c7f8-4723-99b8-e2315c375efe","6b9b5f6f-5628-48dd-91a4-99e6ba4eb3a1","f174699c-1b01-493f-90b1-52082766fbf7","0","14","null","null","AccountMention","null"
"35ba9a7c-2bd6-4da4-a573-a29e93872b85","83d51ed2-e430-4bdf-bf45-2aa733ebfd0b","ad5062f1-e11b-4e33-a1f8-7ea004fd030d","0","14","null","null","AccountMention","null"
"fcf7a880-b698-4e74-8381-fe9489a300af","664f83b6-2eec-47e1-9210-53688f997b74","2587fcf9-00b7-4bc5-9b07-7fd4709a022d","0","10","null","null","AccountMention","null"
"4ba8e670-a639-4f7a-be4f-6a04bcdb7674","c9764b3e-1597-46e8-9f54-ac8e800f3b28","2587fcf9-00b7-4bc5-9b07-7fd4709a022d","0","10","null","null","AccountMention","null"
"d7cacf70-7043-434a-ac60-558b670aa937","ed0da4ba-9e84-4dc9-b375-5218b00c7ef2","2587fcf9-00b7-4bc5-9b07-7fd4709a022d","0","10","null","null","AccountMention","null"
"f2971069-3d1a-45c3-9b73-2ddec6763cb9","e05a76c8-11ff-466e-a19d-972c084dd257","2587fcf9-00b7-4bc5-9b07-7fd4709a022d","0","10","null","null","AccountMention","null"
"4a060400-e7c1-4c09-8e24-91583007f475","94a859c3-dd5b-4897-8e30-2fb2d999495b","f174699c-1b01-493f-90b1-52082766fbf7","0","14","null","null","AccountMention","null"
"8972c4ab-bd45-4245-b46a-73103b62037e","e57f694d-2f89-4584-b409-522c50732b15","2587fcf9-00b7-4bc5-9b07-7fd4709a022d","0","10","null","null","AccountMention","null"
"76284bfc-97cd-43bc-8617-da44492faa00","c586eef8-ca34-4c18-9a8b-884083d84dd6","ad5062f1-e11b-4e33-a1f8-7ea004fd030d","0","14","null","null","AccountMention","null"
"34e42b74-7dca-4ea6-90dc-02b7ab34177f","0e1555ae-4d11-4526-a322-db82c701e76e","2587fcf9-00b7-4bc5-9b07-7fd4709a022d","0","10","null","null","AccountMention","null"
"1a625b3e-08b4-4ad6-bfb2-163883ac980d","b92d7b41-a0b9-4d8b-b0be-ed5390636afa","5554fd78-076b-4965-b8dd-73ad778ae04d","0","20","null","null","AccountMention","null"
"5ed960f1-1466-412d-8c36-7f20d275006c","a8f4151f-781e-40de-ac0a-01010b325cbc","f174699c-1b01-493f-90b1-52082766fbf7","0","14","null","null","AccountMention","null"
"fac47bb0-4291-4131-b59d-5bf35a690f7e","00763e41-aca8-4933-bff2-fa8f2759e654","ad5062f1-e11b-4e33-a1f8-7ea004fd030d","0","14","null","null","AccountMention","null"
"bb3add19-c158-4769-8d2e-4e670fc31054","9ac25d85-bb35-4b8c-9d62-50985ec969df","2587fcf9-00b7-4bc5-9b07-7fd4709a022d","0","10","null","null","AccountMention","null"
"d19a5fc2-39af-4e20-b0e0-b33122822a10","33ca65f1-36dd-4632-a69e-6ba8e3bdcd99","5554fd78-076b-4965-b8dd-73ad778ae04d","0","20","null","null","AccountMention","null"
"9b1d61ad-50f6-47fd-81f2-97884e1dca81","ef6cc925-eeb5-4dbb-acf4-30094aa1feb2","f174699c-1b01-493f-90b1-52082766fbf7","0","14","null","null","AccountMention","null"
"4834c725-e1a6-49bf-ae2b-14de170bf51f","f5c759f9-dc64-4af5-8028-473834832b99","f174699c-1b01-493f-90b1-52082766fbf7","0","14","null","null","AccountMention","null"
"252d5c27-970e-4edf-be4a-910ca63c0411","327a1df8-6a3f-4dc5-a601-8c3d4346894b","ad5062f1-e11b-4e33-a1f8-7ea004fd030d","0","14","null","null","AccountMention","null"
"f77f8cfc-7c6e-4a82-8c7b-26c1649750f7","e00c4b00-a530-44fe-ad6b-aa21801158a4","5554fd78-076b-4965-b8dd-73ad778ae04d","0","20","null","null","AccountMention","null"
"fa637c1f-bce7-4998-b7f9-63722d0528c2","87c3a657-44e5-463e-89dc-dccb7c6122ed","f174699c-1b01-493f-90b1-52082766fbf7","0","14","null","null","AccountMention","null"
"74b77050-cb7d-4152-bd8a-26d253b72d77","e5c64b0b-f9ca-446f-8fee-84d29ead7a4c","f174699c-1b01-493f-90b1-52082766fbf7","0","14","null","null","AccountMention","null"
"f4cc192b-8937-4b86-8619-fafd94c205c7","b26c23e4-433e-4fa9-b25b-d298345d62e3","5554fd78-076b-4965-b8dd-73ad778ae04d","0","20","null","null","AccountMention","null"
"1d9e59f8-8b5f-48b2-b15c-63627bdaa012","ed1a8120-5e67-46c7-b654-5c519f7938ba","f174699c-1b01-493f-90b1-52082766fbf7","0","14","null","null","AccountMention","null"
"ed68bc8d-c121-4dc4-91ad-9b4b21a7a018","5952b31c-c3a3-42e4-b5f8-2d03ceaf8c3e","2587fcf9-00b7-4bc5-9b07-7fd4709a022d","0","10","null","null","AccountMention","null"
"22a7e3dd-65a7-4c79-ad00-8055feebbf04","1322af65-2626-4749-a16e-82b6e9fe7ec3","2587fcf9-00b7-4bc5-9b07-7fd4709a022d","0","10","null","null","AccountMention","null"
"f391d09b-e1fe-40cf-9bf2-90b7bee34f24","7ec0f044-8e06-4fea-a5ec-022dea324261","f174699c-1b01-493f-90b1-52082766fbf7","0","14","null","null","AccountMention","null"
"519eef01-c145-478f-8252-cc9b2a814a06","fa990af2-a0b4-4d78-a269-1ded5fc97a75","f174699c-1b01-493f-90b1-52082766fbf7","0","14","null","null","AccountMention","null"
"22042ebe-632b-496f-bced-7a1fe2212061","119fa463-86c3-4dbe-9650-396e834355c5","2587fcf9-00b7-4bc5-9b07-7fd4709a022d","0","10","null","null","AccountMention","null"
"2e7406b9-7783-49c6-8f73-3d0c069f48e7","b8ee92bb-4ee0-44d6-95fb-642efcac477a","5554fd78-076b-4965-b8dd-73ad778ae04d","0","20","null","null","AccountMention","null"
"2b495682-97fd-4a3f-923d-876fb0837b2e","ec41bdc2-f202-423f-8b93-ae85d49255bb","5554fd78-076b-4965-b8dd-73ad778ae04d","0","20","null","null","AccountMention","null"
"8a2b2098-0d12-4fe9-8c59-4aa825cbac7c","efe87f34-f549-491c-94e3-c1c515ac982e","f174699c-1b01-493f-90b1-52082766fbf7","0","14","null","null","AccountMention","null"
"79b3736a-65c2-48ec-b536-b2bc94b2043c","23213cde-4016-4804-8960-068c17ee22d9","5554fd78-076b-4965-b8dd-73ad778ae04d","0","20","null","null","AccountMention","null"
"c7557f64-1c23-41eb-b524-9dfc2145c96b","56582dc3-e6ca-4521-9349-e05c4068330a","f174699c-1b01-493f-90b1-52082766fbf7","0","14","null","null","AccountMention","null"
"3f1b731b-d42a-43a5-be79-e5e24fef4a97","bf03b56d-baa1-4853-82a7-61bf604c66bc","5554fd78-076b-4965-b8dd-73ad778ae04d","0","20","null","null","AccountMention","null"
"4d12106a-0a97-482a-af50-5eeda923ff8b","53ef1f7c-050b-4415-aa1f-b35f7a99c804","5554fd78-076b-4965-b8dd-73ad778ae04d","0","20","null","null","AccountMention","null"
"f2978653-592c-44fc-8d26-3ff7d98b7604","17f00a35-717c-41c3-b03c-366e4c135f5d","2587fcf9-00b7-4bc5-9b07-7fd4709a022d","0","10","null","null","AccountMention","null"
"f04ffa0c-a9b2-488f-af21-eb156661c316","8a15c412-c6e8-4ac6-922b-660ada651c5f","5554fd78-076b-4965-b8dd-73ad778ae04d","0","20","null","null","AccountMention","null"
"1cb976df-920d-4936-8078-6b0bbb227ece","0bb0da62-19b4-4676-841e-8a609e7db93e","2587fcf9-00b7-4bc5-9b07-7fd4709a022d","0","10","null","null","AccountMention","null"
"7700079b-5816-4566-80c3-0439be3029c8","2a8ed0ed-2e92-465c-a68a-7f592b102bcf","5554fd78-076b-4965-b8dd-73ad778ae04d","0","20","null","null","AccountMention","null"
"3a0a8650-5b77-45ce-8aa4-16c87afbdde4","6ab836d3-277b-487b-b374-78e8354ef24b","f174699c-1b01-493f-90b1-52082766fbf7","0","14","null","null","AccountMention","null"
"bdebb3e4-402b-449c-953a-897bcf87deef","128c1b2e-941e-480f-be0a-aec7cb8f1e1b","f174699c-1b01-493f-90b1-52082766fbf7","0","14","null","null","AccountMention","null"
"3994f0d5-5176-4bd3-a9f3-86efeb398ecd","056e7f69-9ae7-40af-91bc-71cbb32845b9","ad5062f1-e11b-4e33-a1f8-7ea004fd030d","0","14","null","null","AccountMention","null"
"8c33f3e2-c73b-4a66-8388-5364c74c211d","ae492655-b220-4874-a2d6-2fd3b88ab1af","2587fcf9-00b7-4bc5-9b07-7fd4709a022d","0","10","null","null","AccountMention","null"
"ea9bd0d7-0487-4eb2-b312-84e1bf67fb5e","efc2dfc2-62e4-4704-b495-943c29f3b884","f174699c-1b01-493f-90b1-52082766fbf7","0","14","null","null","AccountMention","null"
"e45a58ad-1c28-4df6-903c-9e19cff755e8","eb08f9fe-9acb-4330-b238-fcd525119bb9","2587fcf9-00b7-4bc5-9b07-7fd4709a022d","0","10","null","null","AccountMention","null"
"79babce8-3ac8-495d-a9d2-1dde60bdbd47","090ef74d-ed75-4bc7-8d35-924caa70152a","ad5062f1-e11b-4e33-a1f8-7ea004fd030d","0","14","null","null","AccountMention","null"
"63e5442a-c5b0-4025-95cf-2e9613d0ff08","7674c468-9a75-4d2c-b3bb-132a58261575","5554fd78-076b-4965-b8dd-73ad778ae04d","0","20","null","null","AccountMention","null"
"f52fee5e-c569-4288-8ae6-0e771e6a5225","83cba378-856b-4dcb-b4e5-ea3c8ef2396c","2587fcf9-00b7-4bc5-9b07-7fd4709a022d","0","10","null","null","AccountMention","null"
"2a8c2b50-5d3f-49a3-b6fc-59f87eb0160d","582f7272-4e92-47ad-8660-ec16e1224ccc","2587fcf9-00b7-4bc5-9b07-7fd4709a022d","0","10","null","null","AccountMention","null"
"fb8e91d3-80b5-4a75-9a7f-e619f663764d","939cdb87-3019-447f-baee-a95f4bdde09e","f174699c-1b01-493f-90b1-52082766fbf7","0","14","null","null","AccountMention","null"
"8c59f0b5-b872-4da6-a6c0-7a7fbc185df2","7618e560-bba4-4dda-842c-c363dda7ca6c","f174699c-1b01-493f-90b1-52082766fbf7","0","14","null","null","AccountMention","null"
"dc652bc0-44df-4e41-ab78-ed56b6bf11cf","35e1c2f2-104f-4ee1-8187-f639f3388c59","f174699c-1b01-493f-90b1-52082766fbf7","0","14","null","null","AccountMention","null"
"024c7d2c-f641-4e40-99b1-1e0492ab9223","30653d75-10be-40f4-935c-a6f074ed1939","5554fd78-076b-4965-b8dd-73ad778ae04d","74","20","null","null","AccountMention","null"
"7258e74c-8393-4ad8-baf3-d5028c0e6264","780c8e2d-6439-4687-8122-23390fa20c96","df37b92c-ebf7-4cb0-bfbc-7f195eec0d2d","0","16","null","null","AccountMention","null"
"b6ddd600-25d7-40a2-bdb1-4c6f26543354","65969200-774e-489a-9d64-ca723f04bb0c","5554fd78-076b-4965-b8dd-73ad778ae04d","0","20","null","null","AccountMention","null"
"12e82ed8-4562-4354-90c5-60c8516f9d58","a924edeb-220d-44fa-b89e-ba0a583ef8fe","f174699c-1b01-493f-90b1-52082766fbf7","0","14","null","null","AccountMention","null"
"117c207a-8dae-45a3-8af0-fbfee09e43d2","94904ccd-b7a3-4d4a-a558-c0fb856945f2","5554fd78-076b-4965-b8dd-73ad778ae04d","0","20","null","null","AccountMention","null"
"323345ce-54f8-4257-adad-bc565c52749e","f69f391f-e039-4396-9c7f-140f608c00c5","f174699c-1b01-493f-90b1-52082766fbf7","0","14","null","null","AccountMention","null"
"0610d43d-e1ec-405b-8f17-f9503fa25c3b","6dddfd7e-1967-4300-bbb1-6edc2195556f","f174699c-1b01-493f-90b1-52082766fbf7","0","14","null","null","AccountMention","null"
"74892e6e-1235-493f-9c10-4b720b74cbf7","cfa9ea95-7c3a-430c-ae54-6f2be1b6d77a","5554fd78-076b-4965-b8dd-73ad778ae04d","0","20","null","null","AccountMention","null"
"1ef0f0a6-7549-40cd-a094-d183a7e18575","35151b7b-80d8-4c49-b5b7-7e656a24c6a1","5554fd78-076b-4965-b8dd-73ad778ae04d","0","20","null","null","AccountMention","null"
"bd78d221-ba7d-4f8d-86de-e3c40c062ccb","a54fbfc5-f17f-4770-bf09-451994da04ed","2587fcf9-00b7-4bc5-9b07-7fd4709a022d","0","10","null","null","AccountMention","null"
"2ebf3742-cbe7-4c78-8312-ab1a032c1ed5","7fa488f5-b33b-43bf-b66d-c75edc6e338d","df37b92c-ebf7-4cb0-bfbc-7f195eec0d2d","9","16","null","null","AccountMention","null"
"4b36c1ec-f62c-4e61-8f14-faca20cfa925","7fa488f5-b33b-43bf-b66d-c75edc6e338d","ad5062f1-e11b-4e33-a1f8-7ea004fd030d","39","14","null","null","AccountMention","null"
"3f69c32c-3477-4a1e-ad1d-7fcdc548cf5a","72e8799e-db40-4c04-92c1-8f2190aec906","f174699c-1b01-493f-90b1-52082766fbf7","0","14","null","null","AccountMention","null"
"d9787f21-6414-422a-babd-13222159b61e","59dda2b4-5e97-4257-b4ac-8882f42ebc47","f174699c-1b01-493f-90b1-52082766fbf7","0","14","null","null","AccountMention","null"
"82cdda2e-1c3a-40f6-b9c0-d1350157e86f","2218da5e-c5a3-41c0-8524-5f70e312c553","ad5062f1-e11b-4e33-a1f8-7ea004fd030d","0","14","null","null","AccountMention","null"
"a599f985-f944-49d5-8ded-b3d9c72934e4","adb1e56b-3ee7-44ce-9947-e2cc8d596ec2","f174699c-1b01-493f-90b1-52082766fbf7","0","14","null","null","AccountMention","null"
"e5d2731d-5905-45b2-b462-aff722c122ee","c93ed93d-fd32-45e2-bdc4-a63001398721","5554fd78-076b-4965-b8dd-73ad778ae04d","0","20","null","null","AccountMention","null"
"b7a09bf4-d8d9-4199-bec6-8b7006c29ee7","c93ed93d-fd32-45e2-bdc4-a63001398721","f174699c-1b01-493f-90b1-52082766fbf7","21","14","null","null","AccountMention","null"
"3005e52a-74a4-45b6-9df5-be5357a41724","91531c83-cd9c-46fc-aad8-fc0f01ce4b9a","2587fcf9-00b7-4bc5-9b07-7fd4709a022d","0","10","null","null","AccountMention","null"
"49853baf-b043-49d8-8994-5b11771e025b","b7a93212-5da5-4a8f-aec2-2a1614815b82","2587fcf9-00b7-4bc5-9b07-7fd4709a022d","0","10","null","null","AccountMention","null"
"58869807-a80c-4194-aa67-445d1ad1ebcd","e1f45504-5c11-49e6-98ca-e48a7b775aa9","f174699c-1b01-493f-90b1-52082766fbf7","0","14","null","null","AccountMention","null"
"33392524-ae64-4a02-94d7-70b12dfa1362","b740d73b-ab6b-4178-b378-472cbadb0d39","f174699c-1b01-493f-90b1-52082766fbf7","0","14","null","null","AccountMention","null"
"19ff525a-50b8-4ab3-8de4-eaff3afcce44","8f81c75b-8ab6-48e0-a3ce-0ef07f66f02c","f174699c-1b01-493f-90b1-52082766fbf7","0","14","null","null","AccountMention","null"
"e56524d8-f548-407c-af7c-bf0d38cc75f5","ea5a1a5b-b4bb-46df-bd58-aa4be2b6cfd6","f174699c-1b01-493f-90b1-52082766fbf7","0","14","null","null","AccountMention","null"
"b380cb4e-bae7-4a78-abe2-be712252ad80","536abfe9-6a6c-4aec-ae06-72f0225a6140","f174699c-1b01-493f-90b1-52082766fbf7","0","14","null","null","AccountMention","null"
"5abf795f-a4e0-4cdf-b2ca-ff0c147eb61e","56872b35-92d8-444f-b651-60541a8011bb","df37b92c-ebf7-4cb0-bfbc-7f195eec0d2d","0","16","null","null","AccountMention","null"
"1717fc6b-b80b-4262-a3f0-1c7570445dd2","266e243d-1173-4fc5-906c-75c4f2602aee","f174699c-1b01-493f-90b1-52082766fbf7","0","14","null","null","AccountMention","null"
"ad8a4000-10ee-470f-8a72-3f7c09c465a9","c9a5db32-ca2a-4424-a885-c44d6032adf3","f174699c-1b01-493f-90b1-52082766fbf7","0","14","null","null","AccountMention","null"
"f0c7c6f4-8fcb-46c1-ae2c-cfc1c21c64e3","ab217a6d-4fda-41f8-a5a5-a3f0147e4081","f174699c-1b01-493f-90b1-52082766fbf7","0","14","null","null","AccountMention","null"
"1bde0b0c-2b99-4697-9e79-9d583d6b6a3c","5fea47ef-b929-4743-bdb4-bf258a8fbea2","f174699c-1b01-493f-90b1-52082766fbf7","0","14","null","null","AccountMention","null"
"01045726-d286-4d5d-9e6a-42bf492db473","e14c25aa-08fb-46a7-9249-60ddd5fc7124","ad5062f1-e11b-4e33-a1f8-7ea004fd030d","0","14","null","null","AccountMention","null"
"9828b490-9450-48a6-80c2-7176990df306","b2538d1e-b559-478e-9ff5-33ace10fb120","f174699c-1b01-493f-90b1-52082766fbf7","0","14","null","null","AccountMention","null"
"feddaf78-4c50-4b88-b4c7-18e768810a0b","c9de5b2d-4456-4055-b0ba-80f32940c3c9","df37b92c-ebf7-4cb0-bfbc-7f195eec0d2d","0","16","null","null","AccountMention","null"
"87aab581-6eb3-4a49-a02c-5848b3e9b955","14f3ce74-31d5-4784-a177-0287773764b3","f174699c-1b01-493f-90b1-52082766fbf7","0","14","null","null","AccountMention","null"
"f7deed0e-1650-432b-bd0c-895d519c5ec8","2331d791-2d72-4424-8a85-a1f432998fea","f174699c-1b01-493f-90b1-52082766fbf7","0","14","null","null","AccountMention","null"
"394814bb-6679-4197-832f-ed0fda962c25","cd6d4766-2d67-408f-a4d0-abc79928f279","f174699c-1b01-493f-90b1-52082766fbf7","0","14","null","null","AccountMention","null"
"1ad0b6f4-c246-4f5f-aec9-4f683f38c471","b2dfc2cd-bec0-4bc2-acd9-57b2bb681356","2587fcf9-00b7-4bc5-9b07-7fd4709a022d","0","10","null","null","AccountMention","null"
"56bb549b-5d68-43c3-883a-4bca9d9c8f8a","edca41f3-fa29-4776-8097-c16e50d0c4ac","2587fcf9-00b7-4bc5-9b07-7fd4709a022d","0","10","null","null","AccountMention","null"
"79b216f7-a0db-4a3d-b70d-6a0035f2c8f7","d86a327b-3020-4cfd-ae37-8f12acf23423","f174699c-1b01-493f-90b1-52082766fbf7","0","14","null","null","AccountMention","null"
"d672dee5-1d57-4119-ac1e-ecd1f1308bfb","36a2e5e7-8cbf-427b-a5ee-8825677fa65d","f174699c-1b01-493f-90b1-52082766fbf7","0","14","null","null","AccountMention","null"
"584c83af-b317-4535-923f-c0801705eb87","f573216c-d495-48fb-a8f9-7a51724f2010","f174699c-1b01-493f-90b1-52082766fbf7","0","14","null","null","AccountMention","null"
"bd5b3fc7-6cc8-4e90-84f1-6703d80ae68c","c3ea9472-595e-4dbd-8571-3bc89b044e9b","df37b92c-ebf7-4cb0-bfbc-7f195eec0d2d","0","16","null","null","AccountMention","null"
"7af8ddc1-3682-4fbd-bf2d-46ca8893a2e8","7fdcd16d-2090-4a5d-8faa-c1f30b607611","5554fd78-076b-4965-b8dd-73ad778ae04d","0","20","null","null","AccountMention","null"
"b36b7e25-44fd-47a7-8c0b-601a02e8ada0","9a729c0a-f483-43c2-90ba-b009474b60c3","5554fd78-076b-4965-b8dd-73ad778ae04d","0","20","null","null","AccountMention","null"
"3cef14ed-0a2d-4f21-b3a0-f0b50b12da5f","373fb53f-1e45-4fde-80f5-3b602e7855c6","f174699c-1b01-493f-90b1-52082766fbf7","0","14","null","null","AccountMention","null"
"a177a626-4306-4c77-9b9e-02cd529dd754","72947105-f25b-4ae9-9b09-c2ad9716cebe","df37b92c-ebf7-4cb0-bfbc-7f195eec0d2d","0","16","null","null","AccountMention","null"
"17ae45ef-7f10-426b-8139-d16f718697c1","6fa73580-17a0-4f75-b286-e57737201640","f174699c-1b01-493f-90b1-52082766fbf7","0","14","null","null","AccountMention","null"
"d8fc8be0-32eb-49d9-8bda-4f758c7c197d","37eb6951-c3ee-435c-ab43-4197beb2b5c4","f174699c-1b01-493f-90b1-52082766fbf7","0","14","null","null","AccountMention","null"
"45b0e8a7-cbb0-41fa-8933-b042de9da557","41f57fec-fc6b-4167-b417-8c977823be1f","f174699c-1b01-493f-90b1-52082766fbf7","0","14","null","null","AccountMention","null"
"ec915a4a-65a8-4d0f-ae29-d8ed87d626d1","eb6fdb7e-d50e-4227-a13d-16c9653dcda3","ad5062f1-e11b-4e33-a1f8-7ea004fd030d","0","14","null","null","AccountMention","null"
"af5fca7a-f1df-4fe0-b526-61a345135214","538c1b98-f6bf-43a3-8437-4e2a24fe9077","f174699c-1b01-493f-90b1-52082766fbf7","0","14","null","null","AccountMention","null"
"0b221ab5-32db-4d41-852f-d209dab6e3c2","4c646921-6674-4ef0-b6a1-0792b98623ef","ad5062f1-e11b-4e33-a1f8-7ea004fd030d","0","14","null","null","AccountMention","null"
"996e9f7d-4585-498c-9481-5893f4b06339","d064468d-1b78-44b1-9536-7da82024f841","df37b92c-ebf7-4cb0-bfbc-7f195eec0d2d","0","16","null","null","AccountMention","null"
"5b3a7c7b-1ad7-40d9-809c-6a1ce922d060","19845bdc-8f10-43b7-a095-8d1949e75171","f174699c-1b01-493f-90b1-52082766fbf7","0","14","null","null","AccountMention","null"
"ec86b760-326c-482a-8b93-f8b5f931a76d","19845bdc-8f10-43b7-a095-8d1949e75171","5554fd78-076b-4965-b8dd-73ad778ae04d","82","20","null","null","AccountMention","null"
"b8b67800-9a60-4783-b57b-89d9d9f8e1d5","a78e6647-4a10-45a0-b52e-d05a5204efa9","ad5062f1-e11b-4e33-a1f8-7ea004fd030d","0","14","null","null","AccountMention","null"
"202a1b0c-cc33-4431-8aa4-6681f167ce1c","a585cd9c-9912-4d20-b358-502811a4ce54","f174699c-1b01-493f-90b1-52082766fbf7","0","14","null","null","AccountMention","null"
"ec61a3e6-2af5-4d14-a122-de50fd21a00c","8fb68f28-e415-4000-aa01-6f6f45e04a77","f174699c-1b01-493f-90b1-52082766fbf7","0","14","null","null","AccountMention","null"
"617a4289-23ab-4b3b-a4f8-031c2e3cd66e","ff8b86b0-64ba-43ee-9d1c-2d5a706710e2","df37b92c-ebf7-4cb0-bfbc-7f195eec0d2d","192","16","null","null","AccountMention","null"
"945f09c4-cbe7-4ea3-9c92-34125125e177","03aff0ac-3d0c-44f5-8fa4-f565a34b107d","5554fd78-076b-4965-b8dd-73ad778ae04d","0","20","null","null","AccountMention","null"
"784f4a3b-343a-4898-a197-026d82b43138","49bc569f-0f70-4222-b1c1-2003663f731f","f174699c-1b01-493f-90b1-52082766fbf7","0","14","null","null","AccountMention","null"
"4e30ce2f-e2ae-4b20-a35e-2bde58fb9c76","0c38fa0b-9023-4359-a5ce-7f8893396a6b","df37b92c-ebf7-4cb0-bfbc-7f195eec0d2d","0","18","null","null","AccountMention","null"
"48bb6e28-90ac-48b1-bb7a-aaa604dc9327","5d24bbf0-f0af-4195-b47a-eb086cf52020","f174699c-1b01-493f-90b1-52082766fbf7","0","14","null","null","AccountMention","null"
"463093f8-e391-4902-9247-da68021d5754","fdfde014-276e-488f-84da-339ee0798ca0","ad5062f1-e11b-4e33-a1f8-7ea004fd030d","0","14","null","null","AccountMention","null"
"ff859278-8138-4dac-88ea-3db91d74c2c7","f3f241e5-8a91-405e-a606-3d92050ff0b0","df37b92c-ebf7-4cb0-bfbc-7f195eec0d2d","0","16","null","null","AccountMention","null"
"df4cdd15-f9c7-48bf-893d-687d68aa5859","527459a5-7ce7-4121-9f95-118af4de8002","f174699c-1b01-493f-90b1-52082766fbf7","0","14","null","null","AccountMention","null"
"0162077a-0b24-407a-9037-abc2e7849fbb","9e07a82b-dea9-4eef-b9fc-d4e3384b3bb7","df37b92c-ebf7-4cb0-bfbc-7f195eec0d2d","0","18","null","null","AccountMention","null"
"9082ea90-8160-4dd2-8379-73dddbac09cd","cee6cd2a-f68f-4824-9cb3-07dfaef5409c","f174699c-1b01-493f-90b1-52082766fbf7","0","14","null","null","AccountMention","null"
"3d61fae1-6b27-4748-b7c4-aab4c72beb63","ec20abeb-4732-47fc-b366-294db5863d48","5554fd78-076b-4965-b8dd-73ad778ae04d","0","20","null","null","AccountMention","null"
"01f6ade9-258d-41c0-8108-4f533ff55ff8","aefa94d0-ecd1-4bfb-b8e4-5d13eb6c3163","2587fcf9-00b7-4bc5-9b07-7fd4709a022d","0","10","null","null","AccountMention","null"
"1732281c-c514-4546-8052-dc60dc5134ee","e2e5a3a2-c455-4ca0-a069-3de53272c4b7","ad5062f1-e11b-4e33-a1f8-7ea004fd030d","0","14","null","null","AccountMention","null"
"63a8d522-6b56-4961-837a-bcb50bae34de","6153fe26-dfd5-4da3-b14c-bc9d4951086c","f174699c-1b01-493f-90b1-52082766fbf7","0","14","null","null","AccountMention","null"
"07d9346e-6390-4bad-a30b-07fa21a37bad","fb446cf9-76d0-4f04-8ae0-8c9943b962e3","2587fcf9-00b7-4bc5-9b07-7fd4709a022d","0","10","null","null","AccountMention","null"
"60d52ac0-f8af-4acf-8045-bae43bc19eae","f21e743c-6888-48e1-889c-7185b369c237","f174699c-1b01-493f-90b1-52082766fbf7","0","14","null","null","AccountMention","null"
"ef104531-7483-4c0d-a84c-3b799a3382f2","4f6ffa63-2900-44fe-a623-0374c936c7db","f174699c-1b01-493f-90b1-52082766fbf7","0","14","null","null","AccountMention","null"
"a1eab091-5edb-4b98-adb3-97af04db92af","3bcc9036-85ac-4215-8a45-e4cb3819e372","5554fd78-076b-4965-b8dd-73ad778ae04d","0","20","null","null","AccountMention","null"
"a9cea578-4fa4-482b-9404-42e53e057200","f35925aa-f859-4002-add5-670e11dfd524","2587fcf9-00b7-4bc5-9b07-7fd4709a022d","0","10","null","null","AccountMention","null"
"d3c00fe2-6a49-4e5d-bce6-efe53f2fe04a","607c0e71-6789-409c-a2f7-7a22c4974739","5554fd78-076b-4965-b8dd-73ad778ae04d","0","20","null","null","AccountMention","null"
"c7a6090a-dc1e-45d2-bc0c-9f344d0bfb95","59c9c855-84c7-4e35-b1e5-57a98ecb1d84","ad5062f1-e11b-4e33-a1f8-7ea004fd030d","0","14","null","null","AccountMention","null"